City_ID,City,Country,Date,Lat,Lng,Max Temp,Humidity,Cloudiness,Wind Speed
0,Ushuaia,AR,2022-09-20 21:26:11,-54.8,-68.3,47.86,43,75,9.22
1,Teahupoo,PF,2022-09-20 21:26:27,-17.8333,-149.2667,75.16,75,78,17.87
2,Vila,PT,2022-09-20 21:26:28,42.0304,-8.1588,62.71,73,87,2.33
3,Tuktoyaktuk,CA,2022-09-20 21:21:40,69.4541,-133.0374,44.6,93,100,8.05
4,Cherskiy,RU,2022-09-20 21:26:28,68.75,161.3,38.3,63,100,15.99
5,Christchurch,NZ,2022-09-20 21:25:13,-43.5333,172.6333,52.92,85,100,10.36
6,Anori,BR,2022-09-20 21:26:29,-3.7728,-61.6442,91.67,37,94,4.74
7,Alta Floresta,BR,2022-09-20 21:26:29,-9.8756,-56.0861,88.34,44,59,3.94
8,Hilo,US,2022-09-20 21:26:30,19.7297,-155.09,84.27,60,20,5.99
9,Rikitea,PF,2022-09-20 21:23:13,-23.1203,-134.9692,73.15,77,0,16.04
10,Mayumba,GA,2022-09-20 21:26:30,-3.432,10.6554,75.43,86,100,8.01
11,Kapaa,US,2022-09-20 21:26:31,22.0752,-159.319,84.52,67,20,12.66
12,Albany,US,2022-09-20 21:23:58,42.6001,-73.9662,71.17,75,42,8.01
13,Bengkulu,ID,2022-09-20 21:26:31,-3.8004,102.2655,74.82,91,100,5.01
14,Vaini,TO,2022-09-20 21:26:32,-21.2,-175.2,77.16,83,100,11.5
15,Gaya,IN,2022-09-20 21:26:32,24.7833,85.0,78.71,100,40,3.44
16,Yulara,AU,2022-09-20 21:26:32,-25.2406,130.9889,53.85,51,0,9.6
17,New Norfolk,AU,2022-09-20 21:26:33,-42.7826,147.0587,53.71,67,89,3.06
18,Saint-Philippe,RE,2022-09-20 21:26:33,-21.3585,55.7679,69.39,87,67,14.79
19,Kodinsk,RU,2022-09-20 21:26:33,58.6881,99.1844,34.59,77,97,13.85
20,Mount Gambier,AU,2022-09-20 21:26:34,-37.8333,140.7667,50.25,99,100,3.53
21,Te Anau,NZ,2022-09-20 21:22:50,-45.4167,167.7167,45.03,90,91,0.78
22,Bulgan,MN,2022-09-20 21:26:34,48.8125,103.5347,39.38,91,100,5.41
23,Padang,ID,2022-09-20 21:26:35,-0.9492,100.3543,76.42,88,98,3.87
24,Rorvik,NO,2022-09-20 21:26:35,64.8621,11.2373,37.51,93,20,2.3
25,Atuona,PF,2022-09-20 21:26:35,-9.8,-139.0333,76.21,77,37,20.92
26,Busselton,AU,2022-09-20 21:26:36,-33.65,115.3333,57.94,71,3,16.62
27,Umm Lajj,SA,2022-09-20 21:26:36,25.0213,37.2685,80.87,56,0,2.21
28,Esperance,AU,2022-09-20 21:26:36,-33.8667,121.9,53.46,86,0,12.91
29,Pangody,RU,2022-09-20 21:26:37,65.85,74.4859,46.94,97,100,18.77
30,Marrakesh,MA,2022-09-20 21:22:59,31.6315,-8.0083,77.07,65,40,9.22
31,Bethel,US,2022-09-20 21:26:37,41.3712,-73.414,75.94,63,75,6.91
32,Iqaluit,CA,2022-09-20 21:26:37,63.7506,-68.5145,40.73,86,100,3.44
33,Srednekolymsk,RU,2022-09-20 21:24:03,67.45,153.6833,36.64,91,100,20.36
34,Mataura,NZ,2022-09-20 21:26:38,-46.1927,168.8643,46.47,97,99,0.72
35,Qianan,CN,2022-09-20 21:26:38,44.9932,124.0581,48.31,49,1,15.21
36,Georgetown,MY,2022-09-20 21:22:44,5.4112,100.3354,78.73,94,20,2.3
37,Lagoa,PT,2022-09-20 21:26:39,39.05,-27.9833,73.96,82,18,5.77
38,Gao,ML,2022-09-20 21:22:07,16.6362,1.637,89.98,42,4,9.6
39,Klaebu,NO,2022-09-20 21:26:40,63.2976,10.4826,40.35,89,57,4.27
40,Tasiilaq,GL,2022-09-20 21:26:41,65.6145,-37.6368,39.36,98,100,5.75
41,Galesong,ID,2022-09-20 21:26:41,-5.3166,119.3661,75.22,80,100,4.09
42,Ottersberg,DE,2022-09-20 21:26:41,53.1,9.15,48.13,79,2,4.0
43,Iwanai,JP,2022-09-20 21:26:42,42.9744,140.5089,49.42,69,58,3.27
44,Svetlyy,RU,2022-09-20 21:26:42,54.675,20.1347,53.96,86,35,11.41
45,Seoul,KR,2022-09-20 21:26:42,37.5683,126.9778,56.64,85,0,2.3
46,Goba,ET,2022-09-20 21:26:43,7.0167,39.9833,49.23,90,100,5.01
47,Ormara,PK,2022-09-20 21:26:43,25.2088,64.6357,79.43,81,45,12.08
48,Pangnirtung,CA,2022-09-20 21:26:07,66.1451,-65.7125,37.4,60,75,11.5
49,Upernavik,GL,2022-09-20 21:27:44,72.7868,-56.1549,33.39,97,100,6.31
50,Bambous Virieux,MU,2022-09-20 21:27:44,-20.3428,57.7575,71.22,88,40,9.22
51,Port Elizabeth,ZA,2022-09-20 21:27:44,-33.918,25.5701,57.49,91,40,5.75
52,Egvekinot,RU,2022-09-20 21:27:45,66.3167,-179.1667,34.83,86,33,7.45
53,Turukhansk,RU,2022-09-20 21:27:45,65.8167,87.9833,31.48,61,99,8.01
54,Victoria,HK,2022-09-20 21:26:28,22.2855,114.1577,83.32,80,55,10.0
55,Dourbali,TD,2022-09-20 21:27:46,11.8091,15.8632,78.73,77,100,9.06
56,Kodiak,US,2022-09-20 21:27:46,57.79,-152.4072,54.91,58,0,8.05
57,Hithadhoo,MV,2022-09-20 21:27:46,-0.6,73.0833,81.52,71,8,4.74
58,Komsomolskiy,UZ,2022-09-20 21:27:47,40.4272,71.7189,70.52,40,14,6.91
59,Souillac,MU,2022-09-20 21:27:47,-20.5167,57.5167,70.18,88,40,9.22
60,Coquimbo,CL,2022-09-20 21:27:47,-29.9533,-71.3436,60.53,58,0,11.5
61,Avarua,CK,2022-09-20 21:27:48,-21.2078,-159.775,75.25,83,75,13.8
62,Duku,NG,2022-09-20 21:27:48,11.2361,4.9073,72.91,95,5,4.05
63,Dikson,RU,2022-09-20 21:27:48,73.5069,80.5464,30.42,72,100,19.55
64,Touros,BR,2022-09-20 21:26:18,-5.1989,-35.4608,76.8,75,23,13.91
65,Takoradi,GH,2022-09-20 21:27:49,4.8845,-1.7554,74.95,90,55,6.33
66,Punta Arenas,CL,2022-09-20 21:27:49,-53.15,-70.9167,53.71,37,40,9.22
67,Machilipatnam,IN,2022-09-20 21:27:50,16.1667,81.1333,77.25,86,100,8.86
68,Pevek,RU,2022-09-20 21:27:50,69.7008,170.3133,37.11,61,82,13.2
69,La Ronge,CA,2022-09-20 21:27:50,55.1001,-105.2842,52.05,82,100,19.57
70,Chuy,UY,2022-09-20 21:27:51,-33.6971,-53.4616,53.73,79,100,10.74
71,Dingle,PH,2022-09-20 21:27:51,10.9995,122.6711,75.88,88,100,2.1
72,Richards Bay,ZA,2022-09-20 21:27:51,-28.783,32.0377,64.02,86,100,13.47
73,Sawakin,SD,2022-09-20 21:27:52,19.1059,37.3321,85.93,57,88,3.89
74,Alofi,NU,2022-09-20 21:27:52,-19.0595,-169.9187,78.69,78,75,17.27
75,Hermanus,ZA,2022-09-20 21:27:52,-34.4187,19.2345,53.8,77,0,9.28
76,Bluff,NZ,2022-09-20 21:27:53,-46.6,168.3333,46.8,87,100,2.42
77,Iberia,US,2022-09-20 21:27:53,29.9502,-91.7507,91.96,43,0,8.05
78,Gravdal,NO,2022-09-20 21:27:53,68.1214,13.5031,48.09,71,75,10.36
79,Pringsewu,ID,2022-09-20 21:27:54,-5.3582,104.9744,72.97,94,100,1.39
80,Champerico,GT,2022-09-20 21:27:54,14.3,-91.9167,84.74,75,40,9.19
81,Shatsk,RU,2022-09-20 21:27:55,54.0258,41.7119,51.53,68,100,2.13
82,Parrita,CR,2022-09-20 21:27:55,9.5201,-84.3225,80.8,77,100,6.46
83,Portland,US,2022-09-20 21:27:32,45.5234,-122.6762,87.67,25,20,9.22
84,Codrington,AU,2022-09-20 21:27:55,-38.2667,141.9667,50.97,93,100,7.54
85,Ler,SS,2022-09-20 21:27:56,8.3018,30.1418,73.67,90,16,3.47
86,Sola,VU,2022-09-20 21:27:56,-13.8833,167.55,83.07,79,40,4.61
87,Saint George,US,2022-09-20 21:27:56,37.1041,-113.5841,92.79,16,0,12.66
88,Yellowknife,CA,2022-09-20 21:27:57,62.456,-114.3525,55.92,47,20,8.05
89,Qaanaaq,GL,2022-09-20 21:27:57,77.484,-69.3632,24.33,63,100,6.15
90,Severo-Kurilsk,RU,2022-09-20 21:27:58,50.6789,156.125,49.48,73,55,15.43
91,Praia,CV,2022-09-20 21:28:58,14.9215,-23.5087,79.34,78,20,13.8
92,Shingu,JP,2022-09-20 21:28:58,33.7333,135.9833,64.49,74,99,4.99
93,Conde,BR,2022-09-20 21:28:59,-7.2597,-34.9075,76.46,78,0,9.22
94,Kindberg,AT,2022-09-20 21:28:59,47.5,15.45,48.29,94,57,2.75
95,Balykshi,KZ,2022-09-20 21:28:59,47.0667,51.8667,69.8,17,0,6.71
96,Garowe,SO,2022-09-20 21:29:00,8.4054,48.4845,79.03,66,42,20.07
97,Guerrero Negro,MX,2022-09-20 21:29:00,27.9769,-114.0611,77.25,62,20,14.52
98,Fortuna,US,2022-09-20 21:29:01,40.5982,-124.1573,72.93,67,32,5.99
99,Nikolskoye,RU,2022-09-20 21:29:01,59.7035,30.7861,49.91,95,74,3.42
100,Muros,ES,2022-09-20 21:29:01,42.7762,-9.0603,68.85,81,1,6.69
101,East London,ZA,2022-09-20 21:29:02,-33.0153,27.9116,59.58,71,38,7.11
102,Chokurdakh,RU,2022-09-20 21:25:22,70.6333,147.9167,31.66,93,100,14.43
103,Turan,VN,2022-09-20 21:29:02,16.0678,108.2208,76.98,94,75,2.3
104,Leshukonskoye,RU,2022-09-20 21:29:03,64.8989,45.7622,47.28,97,100,5.32
105,Ostrovnoy,RU,2022-09-20 21:29:03,68.0531,39.5131,44.6,92,100,25.48
106,San Quintin,MX,2022-09-20 21:29:04,30.4833,-115.95,74.53,66,77,15.52
107,Luderitz,NA,2022-09-20 21:29:04,-26.6481,15.1594,64.98,35,0,9.48
108,Boromo,BF,2022-09-20 21:29:05,11.75,-2.9333,72.45,97,100,5.41
109,Aykhal,RU,2022-09-20 21:29:05,66.0,111.5,24.3,95,100,15.93
110,Makanya,TZ,2022-09-20 21:27:13,-4.3667,37.8333,67.77,82,19,3.74
111,Hobart,AU,2022-09-20 21:26:25,-42.8794,147.3294,54.05,67,75,4.61
112,Mehamn,NO,2022-09-20 21:29:06,71.0357,27.8492,42.75,70,75,5.75
113,Katsuura,JP,2022-09-20 21:29:07,35.1333,140.3,66.76,85,100,18.45
114,Thompson,CA,2022-09-20 21:26:48,55.7435,-97.8558,46.56,76,100,9.22
115,Seddon,AU,2022-09-20 21:29:07,-37.8068,144.8916,59.2,82,0,0.0
116,Quelimane,MZ,2022-09-20 21:29:08,-17.8786,36.8883,78.75,73,0,13.8
117,Lata,PT,2022-09-20 21:29:08,40.1629,-8.3327,71.92,85,53,2.64
118,Vanimo,PG,2022-09-20 21:29:09,-2.6741,141.3028,76.68,87,100,4.88
119,Cape Town,ZA,2022-09-20 21:25:13,-33.9258,18.4232,63.37,69,0,5.75
120,Bredasdorp,ZA,2022-09-20 21:29:09,-34.5322,20.0403,50.86,91,0,1.39
121,Haines Junction,CA,2022-09-20 21:29:10,60.7522,-137.5108,62.55,45,100,2.3
122,Butaritari,KI,2022-09-20 21:29:10,3.0707,172.7902,81.0,76,95,11.92
123,Santa Cruz Cabralia,BR,2022-09-20 21:29:11,-16.2781,-39.0247,75.43,78,20,8.05
124,Springhill,US,2022-09-20 21:29:11,33.006,-93.4668,94.89,31,0,4.43
125,Alice Springs,AU,2022-09-20 21:29:11,-23.7,133.8833,57.22,26,2,3.44
126,Wilkes-Barre,US,2022-09-20 21:29:12,41.2459,-75.8813,75.94,72,75,8.05
127,Orodara,BF,2022-09-20 21:29:12,10.9492,-4.9342,69.03,99,100,4.05
128,La Palma,US,2022-09-20 21:29:13,33.8464,-118.0467,89.87,61,20,12.66
129,Hammerfest,NO,2022-09-20 21:29:13,70.6634,23.6821,43.25,75,100,13.8
130,Grindavik,IS,2022-09-20 21:29:14,63.8424,-22.4338,49.95,100,75,8.05
131,Shahrud,IR,2022-09-20 21:29:14,36.4182,54.9763,66.85,33,0,2.91
132,Abashiri,JP,2022-09-20 21:29:15,44.0213,144.2697,52.0,70,99,6.62
133,Lavrentiya,RU,2022-09-20 21:29:15,65.5833,-171.0,39.34,70,14,5.21
134,Saskylakh,RU,2022-09-20 21:29:15,71.9167,114.0833,24.89,87,100,18.72
135,Arraial Do Cabo,BR,2022-09-20 21:29:16,-22.9661,-42.0278,71.56,78,0,8.05
136,Goroka,PG,2022-09-20 21:29:16,-6.0834,145.3873,60.69,92,91,0.89
137,Eghezee,BE,2022-09-20 21:30:17,50.5851,4.9028,52.14,96,77,2.68
138,Dhidhdhoo,MV,2022-09-20 21:30:18,6.8833,73.1,80.67,79,68,10.22
139,Harbour Breton,CA,2022-09-20 21:30:18,47.4833,-55.7983,53.04,63,15,0.92
140,Kavieng,PG,2022-09-20 21:30:19,-2.5744,150.7967,82.49,74,93,9.4
141,Husavik,IS,2022-09-20 21:26:39,66.0449,-17.3389,52.75,82,64,2.95
142,Port Blair,IN,2022-09-20 21:25:28,11.6667,92.75,80.31,79,78,9.91
143,Tazovskiy,RU,2022-09-20 21:30:21,67.4667,78.7,35.94,86,100,25.03
144,Iranshahr,IR,2022-09-20 21:30:21,27.2025,60.6848,88.14,42,0,0.0
145,Khatanga,RU,2022-09-20 21:30:22,71.9667,102.5,21.45,91,93,6.24
146,Puerto Ayora,EC,2022-09-20 21:25:45,-0.7393,-90.3518,75.16,95,67,8.99
147,Kushiro,JP,2022-09-20 21:30:23,42.975,144.3747,55.09,69,94,4.41
148,Margate,GB,2022-09-20 21:29:15,51.3813,1.3862,60.31,75,99,6.33
149,Maiduguri,NG,2022-09-20 21:30:24,11.8464,13.1603,78.62,73,100,7.45
150,Alihe,CN,2022-09-20 21:30:24,50.5667,123.7167,43.0,71,100,2.21
151,Broken Hill,AU,2022-09-20 21:26:17,-31.95,141.4333,53.17,90,87,24.49
152,Coihaique,CL,2022-09-20 21:30:25,-45.5752,-72.0662,46.35,61,75,5.75
153,Cabo San Lucas,MX,2022-09-20 21:28:47,22.8909,-109.9124,83.61,86,100,13.8
154,Roebourne,AU,2022-09-20 21:30:25,-20.7833,117.1333,67.41,36,0,10.38
155,Cayenne,GF,2022-09-20 21:26:14,4.9333,-52.3333,77.04,88,0,3.44
156,Black Diamond,US,2022-09-20 21:30:26,47.3087,-122.0032,79.7,38,0,5.99
157,Chimbote,PE,2022-09-20 21:30:27,-9.0853,-78.5783,64.29,77,56,13.53
158,Vallenar,CL,2022-09-20 21:30:27,-28.5708,-70.7581,61.59,41,0,6.51
159,Burgeo,CA,2022-09-20 21:30:27,47.6167,-57.6152,52.32,66,6,2.98
160,Clyde River,CA,2022-09-20 21:30:28,70.4692,-68.5914,30.43,93,100,5.75
161,Winfield,US,2022-09-20 21:30:28,37.2398,-96.9956,101.17,30,0,13.8
162,Lompoc,US,2022-09-20 21:30:29,34.6391,-120.4579,77.14,70,20,11.5
163,Airai,TL,2022-09-20 21:30:29,-8.9266,125.4092,60.19,85,29,3.13
164,Mar Del Plata,AR,2022-09-20 21:30:30,-38.0023,-57.5575,53.1,75,0,6.91
165,Longyearbyen,SJ,2022-09-20 21:30:30,78.2186,15.6401,35.44,75,75,21.85
166,Salalah,OM,2022-09-20 21:30:30,17.0151,54.0924,78.89,89,75,4.61
167,Leningradskiy,RU,2022-09-20 21:30:31,69.3833,178.4167,34.66,72,5,14.0
168,San Patricio,US,2022-09-20 21:30:32,28.017,-97.5169,93.15,49,24,13.04
169,Tayoltita,MX,2022-09-20 21:30:32,24.0833,-105.9333,78.17,83,34,3.67
170,Baie-Comeau,CA,2022-09-20 21:30:32,49.2168,-68.1489,51.48,76,20,10.36
171,Oschersleben,DE,2022-09-20 21:30:33,52.0333,11.25,46.65,86,7,5.59
172,Tsiroanomandidy,MG,2022-09-20 21:30:33,-18.7667,46.0333,63.36,67,0,4.16
173,Aklavik,CA,2022-09-20 21:27:57,68.2191,-135.0107,46.4,87,75,3.44
174,Petauke,ZM,2022-09-20 21:30:34,-14.2426,31.3253,72.52,28,2,4.88
175,Carnarvon,AU,2022-09-20 21:27:51,-24.8667,113.6333,63.91,59,96,12.66
176,Amazar,RU,2022-09-20 21:30:34,53.858,120.875,32.77,95,39,1.79
177,Itarema,BR,2022-09-20 21:30:34,-2.9248,-39.9167,77.68,85,66,17.18
178,Stromness,GB,2022-09-20 21:30:35,58.965,-3.296,56.88,90,100,8.99
179,Udachnyy,RU,2022-09-20 21:30:35,66.4167,112.4,25.45,92,100,14.09
180,Macapa,BR,2022-09-20 21:30:35,0.0389,-51.0664,82.38,78,75,5.75
181,San Juan,AR,2022-09-20 21:31:36,-31.5375,-68.5364,62.51,28,0,12.82
182,Progreso,MX,2022-09-20 21:31:36,21.2833,-89.6667,85.1,69,1,14.41
183,Port Alfred,ZA,2022-09-20 21:31:37,-33.5906,26.891,58.21,75,8,8.48
184,Shelburne,CA,2022-09-20 21:30:01,44.0787,-80.2041,74.75,56,71,5.23
185,Arlit,NE,2022-09-20 21:31:37,18.7369,7.3853,93.4,30,84,1.48
186,Yar-Sale,RU,2022-09-20 21:31:37,66.8333,70.8333,50.52,93,90,16.8
187,Kandrian,PG,2022-09-20 21:31:38,-6.2167,149.55,78.6,85,100,0.6
188,Aswan,EG,2022-09-20 21:31:38,24.0934,32.907,83.86,29,0,9.57
189,Yokadouma,CM,2022-09-20 21:31:38,3.5167,15.05,69.66,99,67,1.23
190,San Jeronimo,PE,2022-09-20 21:31:39,-11.9472,-75.2829,59.68,53,98,5.84
191,Oum Hadjer,TD,2022-09-20 21:31:39,13.2954,19.6966,81.73,63,100,8.34
192,Sawtell,AU,2022-09-20 21:31:39,-30.3833,153.1,62.19,94,100,4.61
193,Chiredzi,ZW,2022-09-20 21:31:40,-21.05,31.6667,65.97,78,42,12.77
194,Castro,BR,2022-09-20 21:31:40,-24.7911,-50.0119,61.86,79,60,3.83
195,Buta,CD,2022-09-20 21:31:41,2.7858,24.73,67.39,99,100,1.77
196,Shu,KZ,2022-09-20 21:31:41,43.5983,73.7614,68.2,28,3,5.26
197,Mujiayingzi,CN,2022-09-20 21:31:41,42.1167,118.7833,47.77,34,0,7.92
198,Aginskoye,RU,2022-09-20 21:31:42,51.1,114.53,45.46,68,100,20.02
199,Geraldton,AU,2022-09-20 21:31:31,-28.7667,114.6,48.61,93,92,10.36
200,Provideniya,RU,2022-09-20 21:31:42,64.3833,-173.3,39.36,100,100,2.24
201,Torbay,CA,2022-09-20 21:31:42,47.6666,-52.7314,53.28,79,20,5.75
202,Mocajuba,BR,2022-09-20 21:31:43,-2.5842,-49.5072,86.65,52,55,7.38
203,Nizwa,OM,2022-09-20 21:31:43,22.9333,57.5333,82.6,49,12,1.59
204,Dharchula,IN,2022-09-20 21:31:44,29.85,80.5333,70.27,87,97,3.27
205,Vardo,NO,2022-09-20 21:31:44,70.3705,31.1107,39.18,87,100,13.8
206,Roma,US,2022-09-20 21:31:44,43.2128,-75.4557,66.38,81,100,13.8
207,Inhambane,MZ,2022-09-20 21:31:45,-23.865,35.3833,73.8,88,44,3.89
208,Hualmay,PE,2022-09-20 21:31:45,-11.0964,-77.6139,63.43,77,28,13.09
209,Sambava,MG,2022-09-20 21:31:45,-14.2667,50.1667,67.15,88,24,11.56
210,Launceston,AU,2022-09-20 21:31:46,-41.45,147.1667,49.8,93,40,0.0
211,Skjervoy,NO,2022-09-20 21:31:46,70.0311,20.9714,42.96,67,94,8.99
212,Tandil,AR,2022-09-20 21:26:47,-37.3217,-59.1332,53.69,40,92,5.14
213,Zharkent,KZ,2022-09-20 21:31:47,44.1628,80.0,66.99,33,5,3.96
214,Acapulco,MX,2022-09-20 21:28:45,16.8634,-99.8901,82.22,83,100,8.05
215,Tura,IN,2022-09-20 21:31:47,25.5198,90.2201,72.86,96,22,5.21
216,Maracaibo,VE,2022-09-20 21:31:47,10.6317,-71.6406,85.15,63,51,5.14
217,Larsnes,NO,2022-09-20 21:31:48,62.2028,5.5773,51.44,81,100,9.86
218,Boa Vista,BR,2022-09-20 21:31:48,2.8197,-60.6733,80.58,65,75,6.91
219,San Nicolas,PH,2022-09-20 21:31:48,18.1725,120.5953,75.11,94,20,2.3
220,Sarangani,PH,2022-09-20 21:31:49,5.4033,125.4636,83.23,70,100,2.64
221,Talnakh,RU,2022-09-20 21:31:49,69.4865,88.3972,29.21,72,100,9.8
222,Jijiga,ET,2022-09-20 21:31:49,9.35,42.8,66.72,68,44,5.39
223,Ancud,CL,2022-09-20 21:31:50,-41.8697,-73.8203,47.23,80,36,4.83
224,Sangar,RU,2022-09-20 21:31:50,63.9242,127.4739,25.99,75,9,5.88
225,Tabuk,PH,2022-09-20 21:31:50,17.4189,121.4443,70.86,92,91,2.06
226,Shakiso,ET,2022-09-20 21:31:51,5.75,38.9167,62.06,78,99,1.52
227,Luwingu,ZM,2022-09-20 21:31:51,-10.2621,29.9271,68.38,27,71,3.44
228,Ponta Do Sol,PT,2022-09-20 21:31:51,32.6667,-17.1,74.03,91,44,3.67
229,Port Hawkesbury,CA,2022-09-20 21:32:52,45.6169,-61.3485,56.79,85,75,11.99
230,Emba,KZ,2022-09-20 21:32:52,48.8264,58.1442,63.73,15,0,7.54
231,Narsaq,GL,2022-09-20 21:32:53,60.9167,-46.05,44.82,81,11,1.54
232,Kahului,US,2022-09-20 21:32:53,20.8947,-156.47,87.82,65,40,25.32
233,Port Lincoln,AU,2022-09-20 21:32:53,-34.7333,135.8667,55.98,81,59,17.81
234,Nuuk,GL,2022-09-20 21:32:54,64.1835,-51.7216,39.81,93,75,6.91
235,Pasni,PK,2022-09-20 21:32:54,25.2631,63.471,79.11,80,42,6.44
236,Pahrump,US,2022-09-20 21:32:54,36.2083,-115.9839,88.52,16,0,14.0
237,Krasnoselkup,RU,2022-09-20 21:32:55,65.7,82.4667,36.03,68,100,20.36
238,Palana,RU,2022-09-20 21:32:55,59.1167,159.9667,45.61,86,99,44.9
239,Laguna,US,2022-09-20 21:32:20,38.421,-121.4238,78.08,57,0,1.99
240,Lasa,IT,2022-09-20 21:32:55,46.6166,10.7002,56.28,91,17,5.68
241,Matagami,CA,2022-09-20 21:32:56,49.7502,-77.6328,60.91,67,0,10.36
242,Uzhur,RU,2022-09-20 21:32:56,55.3036,89.8339,40.1,91,94,1.9
243,Sept-Iles,CA,2022-09-20 21:32:57,50.2001,-66.3821,55.92,67,75,10.36
244,Bathsheba,BB,2022-09-20 21:32:57,13.2167,-59.5167,84.81,79,20,13.8
245,Jever,DE,2022-09-20 21:32:57,53.5833,7.9,54.01,100,2,1.43
246,Diffa,NE,2022-09-20 21:32:58,13.3154,12.6113,85.96,55,92,8.23
247,Pilar,BR,2022-09-20 21:32:58,-9.5972,-35.9567,73.33,89,1,4.52
248,Teya,RU,2022-09-20 21:32:59,60.3778,92.6267,28.74,92,51,3.36
249,Faranah,GN,2022-09-20 21:32:59,10.0404,-10.7434,71.38,97,100,2.62
250,Vrangel,RU,2022-09-20 21:31:40,42.7297,133.0839,49.62,53,0,4.52
251,Linfen,CN,2022-09-20 21:32:59,36.0889,111.5189,59.61,78,1,3.18
252,Muniz Freire,BR,2022-09-20 21:33:00,-20.4642,-41.4131,70.88,69,79,4.81
253,Antibes,FR,2022-09-20 21:33:00,43.5624,7.1278,70.68,68,40,8.05
254,Khandyga,RU,2022-09-20 21:33:00,62.6667,135.6,27.54,64,2,4.61
255,Khirkiya,IN,2022-09-20 21:33:01,22.1674,76.8605,72.73,94,96,5.28
256,Saint-Louis,SN,2022-09-20 21:33:01,16.3333,-15.0,91.04,47,94,12.53
257,Valdivia,CL,2022-09-20 21:31:21,-39.8142,-73.2459,50.09,89,70,3.49
258,Dalvik,IS,2022-09-20 21:33:02,65.9702,-18.5286,53.53,83,100,6.91
259,Wajir,KE,2022-09-20 21:33:02,1.7471,40.0573,77.65,61,35,17.98
260,Puerto Narino,CO,2022-09-20 21:33:03,-3.7703,-70.3831,78.85,79,78,5.19
261,Tiksi,RU,2022-09-20 21:33:03,71.6872,128.8694,32.38,98,100,11.21
262,Ejura,GH,2022-09-20 21:33:03,7.3856,-1.3562,71.4,97,92,4.9
263,Olafsvik,IS,2022-09-20 21:33:04,64.8945,-23.7142,49.82,89,70,9.01
264,Pangoa,PE,2022-09-20 21:33:04,-12.1167,-73.0,76.3,81,82,3.11
265,Barrow,US,2022-09-20 21:33:05,71.2906,-156.7887,39.22,81,0,5.75
266,Dunedin,NZ,2022-09-20 21:30:40,-45.8742,170.5036,48.79,91,64,8.01
267,Grand Gaube,MU,2022-09-20 21:33:05,-20.0064,57.6608,71.38,74,8,10.0
268,Baykit,RU,2022-09-20 21:33:06,61.67,96.37,30.9,71,56,8.88
269,Lebanon,US,2022-09-20 21:30:04,36.2081,-86.2911,96.94,53,0,9.22
270,Savannah Bight,HN,2022-09-20 21:33:06,16.45,-85.85,83.75,73,70,9.22
271,Poronaysk,RU,2022-09-20 21:33:07,49.2167,143.1167,47.46,63,37,12.35
272,Ugoofaaru,MV,2022-09-20 21:33:07,5.6667,73.0,80.8,78,69,10.27
273,Walvis Bay,NA,2022-09-20 21:33:07,-22.9575,14.5053,65.35,22,0,12.66
274,Sioux Lookout,CA,2022-09-20 21:33:08,50.1001,-91.917,73.47,56,75,16.11
275,Mahebourg,MU,2022-09-20 21:33:08,-20.4081,57.7,71.26,88,40,9.22
276,Lodja,CD,2022-09-20 21:34:09,-3.4833,23.4333,70.38,93,72,2.48
277,Cockeysville,US,2022-09-20 21:34:09,39.4812,-76.6439,83.48,57,15,1.99
278,Llanes,ES,2022-09-20 21:34:10,43.4198,-4.7549,62.82,74,10,8.61
279,Terrace Bay,CA,2022-09-20 21:34:10,48.7834,-87.1,58.95,88,24,6.85
280,Potcoava,RO,2022-09-20 21:34:11,44.4833,24.65,50.72,66,2,3.56
281,Alexandria,EG,2022-09-20 21:33:40,31.2156,29.9553,76.91,69,0,8.39
282,Bradford,GB,2022-09-20 21:34:12,53.7939,-1.7521,58.24,90,0,4.61
283,Sale,MA,2022-09-20 21:34:12,34.0389,-6.8166,74.08,88,40,0.0
284,Kavaratti,IN,2022-09-20 21:34:12,10.5669,72.642,80.49,79,100,13.02
285,Mount Isa,AU,2022-09-20 21:31:01,-20.7333,139.5,69.57,100,40,4.61
286,Kargasok,RU,2022-09-20 21:34:13,59.0556,80.8572,47.8,82,100,8.52
287,Nantucket,US,2022-09-20 21:31:09,41.2835,-70.0995,66.34,66,100,13.8
288,Ahipara,NZ,2022-09-20 21:34:14,-35.1667,173.1667,61.3,80,6,5.35
289,Kibakwe,TZ,2022-09-20 21:34:14,-6.7167,36.3667,62.33,87,27,5.37
290,Yumen,CN,2022-09-20 21:34:15,40.2833,97.2,62.82,29,1,13.47
291,Ngunguru,NZ,2022-09-20 21:34:15,-35.6167,174.5,61.92,76,69,10.92
292,Samarai,PG,2022-09-20 21:34:15,-10.6167,150.6667,80.6,85,100,11.77
293,Moerai,PF,2022-09-20 21:34:16,-22.4333,-151.3333,73.15,80,44,19.24
294,Jamestown,US,2022-09-20 21:34:03,42.097,-79.2353,74.01,48,0,9.22
295,Toccoa,US,2022-09-20 21:34:16,34.5773,-83.3324,90.95,53,0,4.61
296,Chicama,PE,2022-09-20 21:34:17,-7.8447,-79.1469,59.54,70,65,10.65
297,Opuwo,NA,2022-09-20 21:34:18,-18.0607,13.84,67.28,23,0,2.13
298,Ixhuatan,MX,2022-09-20 21:34:18,16.3569,-94.4825,86.09,72,100,2.17
299,Neryungri,RU,2022-09-20 21:34:18,56.6709,124.6491,32.77,82,96,0.83
300,Veyrier,CH,2022-09-20 21:34:19,46.167,6.1844,55.78,57,0,5.75
301,Malanje,AO,2022-09-20 21:34:19,-9.5402,16.341,70.75,69,33,4.38
302,Vila Velha,BR,2022-09-20 21:29:25,-20.3297,-40.2925,75.15,84,0,16.11
303,Saint Anthony,US,2022-09-20 21:34:20,45.0205,-93.218,93.65,59,0,5.75
304,Asau,RO,2022-09-20 21:34:20,46.4333,26.4,43.72,87,14,4.76
305,Puerto Escondido,MX,2022-09-20 21:30:11,15.85,-97.0667,81.43,54,100,5.75
306,Lebu,CL,2022-09-20 21:34:21,-37.6167,-73.65,48.97,71,63,8.88
307,Santa Marta,CO,2022-09-20 21:34:21,11.2408,-74.199,84.88,76,75,12.66
308,Innisfail,AU,2022-09-20 21:34:22,-17.5333,146.0333,76.91,74,98,3.76
309,Pitimbu,BR,2022-09-20 21:34:22,-7.4706,-34.8086,77.59,76,18,8.77
310,Axim,GH,2022-09-20 21:34:23,4.8699,-2.2405,75.15,90,93,6.04
311,Lazaro Cardenas,MX,2022-09-20 21:34:23,17.9583,-102.2,79.7,87,90,3.74
312,Leh,IN,2022-09-20 21:34:23,34.1667,77.5833,53.42,43,79,4.41
313,Paka,MY,2022-09-20 21:34:24,4.6374,103.4368,76.98,88,89,0.0
314,Dukat,RU,2022-09-20 21:34:24,62.55,155.55,34.25,100,100,2.93
315,Maumere,ID,2022-09-20 21:34:25,-8.6199,122.2111,78.98,76,56,6.96
316,Arman,RU,2022-09-20 21:34:25,59.7,150.1667,41.02,85,99,4.36
317,Kazerun,IR,2022-09-20 21:34:25,29.6195,51.6541,78.13,36,4,2.84
318,Constitucion,CL,2022-09-20 21:34:26,-35.3333,-72.4167,50.41,69,3,10.78
319,San Isidro,PE,2022-09-20 21:34:26,-12.1167,-77.05,67.01,73,100,10.36
320,Evensk,RU,2022-09-20 21:34:26,61.95,159.2333,44.65,94,100,12.24
321,Malaia,RO,2022-09-20 21:34:27,45.35,24.0333,45.75,85,40,6.04
322,Nelson Bay,AU,2022-09-20 21:34:27,-32.7167,152.15,64.99,86,100,8.99
323,Hami,CN,2022-09-20 21:34:27,42.8,93.45,66.94,25,1,9.28
324,Beringovskiy,RU,2022-09-20 21:34:28,63.05,179.3167,44.49,83,100,21.85
325,Hasaki,JP,2022-09-20 21:34:28,35.7333,140.8333,63.28,68,100,20.74
326,Lashio,MM,2022-09-20 21:35:29,22.9333,97.75,68.07,100,99,0.34
327,Rapid Valley,US,2022-09-20 21:35:29,44.0625,-103.1463,76.77,38,0,14.97
328,Sao Joao Da Barra,BR,2022-09-20 21:35:30,-21.6403,-41.0511,75.29,86,49,18.01
329,Saint-Denis,FR,2022-09-20 21:35:30,48.9167,2.3333,56.98,78,0,4.61
330,Cidreira,BR,2022-09-20 21:35:30,-30.1811,-50.2056,60.1,91,80,11.39
331,Campbellton,CA,2022-09-20 21:35:31,48.0075,-66.6727,54.05,80,100,10.04
332,Pouebo,NC,2022-09-20 21:35:31,-20.4,164.5667,79.0,67,0,6.96
333,Ribeira Grande,PT,2022-09-20 21:35:32,38.5167,-28.7,74.59,80,23,4.18
334,Sayyan,YE,2022-09-20 21:35:32,15.1718,44.3244,62.37,59,85,3.85
335,Msanga,TZ,2022-09-20 21:35:32,-6.05,36.0333,66.72,72,8,9.42
336,Lampa,CL,2022-09-20 21:33:44,-33.2833,-70.9,50.07,54,75,14.97
337,Baytown,US,2022-09-20 21:31:45,29.7355,-94.9774,96.17,51,1,8.99
338,Bilma,NE,2022-09-20 21:35:33,18.6853,12.9164,93.4,31,83,5.37
339,Morgan City,US,2022-09-20 21:35:33,29.6994,-91.2068,91.99,44,0,7.34
340,Marovoay,MG,2022-09-20 21:35:34,-16.1,46.6333,71.02,59,1,6.22
341,Muisne,EC,2022-09-20 21:35:34,0.6,-80.0333,75.34,82,91,10.56
342,Along,IN,2022-09-20 21:35:35,28.1667,94.7667,73.24,99,100,1.32
343,Namatanai,PG,2022-09-20 21:35:35,-3.6667,152.4333,78.66,84,100,4.68
344,Labytnangi,RU,2022-09-20 21:35:35,66.6572,66.4183,48.67,95,98,11.72
345,Aguimes,ES,2022-09-20 21:35:36,27.9054,-15.4461,72.23,78,20,12.66
346,Pisco,PE,2022-09-20 21:34:47,-13.7,-76.2167,66.25,68,2,20.71
347,Magdalena,PH,2022-09-20 21:35:36,14.1999,121.429,74.35,94,100,1.5
348,Atar,MR,2022-09-20 21:35:36,20.5169,-13.0499,91.06,30,38,16.44
349,Ahuimanu,US,2022-09-20 21:35:37,21.4447,-157.8378,87.51,62,75,17.27
350,Pacific Grove,US,2022-09-20 21:35:37,36.6177,-121.9166,76.68,66,0,11.99
351,Ocean City,US,2022-09-20 21:35:38,39.2776,-74.5746,82.0,44,0,7.0
352,Sao Lourenco Do Sul,BR,2022-09-20 21:35:38,-31.3653,-51.9783,56.98,92,100,12.12
353,Iracoubo,GF,2022-09-20 21:35:38,5.4802,-53.2011,80.89,79,93,12.68
354,Kudahuvadhoo,MV,2022-09-20 21:35:39,2.6708,72.8944,81.81,72,57,8.48
355,West Wendover,US,2022-09-20 21:35:39,40.7391,-114.0733,88.81,12,0,20.71
356,Mokokchung,IN,2022-09-20 21:34:07,26.3333,94.5333,63.77,98,100,2.57
357,Jaumave,MX,2022-09-20 21:35:40,23.4167,-99.3833,78.04,76,38,4.47
358,Zverinogolovskoye,RU,2022-09-20 21:35:40,54.4586,64.8542,60.19,36,5,7.9
359,Topeka,US,2022-09-20 21:35:12,39.0483,-95.678,100.58,36,0,19.57
360,Megion,RU,2022-09-20 21:35:41,61.0296,76.1136,51.82,96,100,9.55
361,Sullana,PE,2022-09-20 21:35:41,-4.9039,-80.6853,82.76,41,71,18.48
362,Tabou,CI,2022-09-20 21:35:41,4.423,-7.3528,75.63,89,92,9.24
363,Vitim,RU,2022-09-20 21:35:42,59.4511,112.5578,41.27,99,100,4.14
364,Havre-Saint-Pierre,CA,2022-09-20 21:35:42,50.2334,-63.5986,55.76,47,0,8.05
365,Washougal,US,2022-09-20 21:34:58,45.5826,-122.3534,87.53,25,0,14.0
366,Lagos,NG,2022-09-20 21:31:58,6.5833,3.75,77.32,93,51,3.69
367,Buin,CL,2022-09-20 21:35:42,-33.7333,-70.75,53.82,57,86,9.08
368,San Alejo,SV,2022-09-20 21:35:43,13.4314,-87.9631,88.66,58,75,9.22
369,Vestmannaeyjar,IS,2022-09-20 21:35:43,63.4427,-20.2734,52.36,92,100,7.65
370,Saquarema,BR,2022-09-20 21:35:43,-22.92,-42.5103,71.74,86,65,1.34
371,The Pas,CA,2022-09-20 21:35:44,53.8251,-101.2541,51.82,93,100,5.75
372,Westport,US,2022-09-20 21:30:51,41.1415,-73.3579,79.07,61,20,6.91
373,Calvinia,ZA,2022-09-20 21:36:44,-31.4707,19.776,51.85,32,0,7.36
374,Gannan,CN,2022-09-20 21:36:45,47.9147,123.5031,46.08,44,95,7.63
375,San Carlos,VE,2022-09-20 21:34:46,9.6612,-68.5827,80.19,84,79,1.3
376,Bandipur,NP,2022-09-20 21:36:45,27.9333,84.4167,67.51,95,100,1.97
377,Berlevag,NO,2022-09-20 21:36:46,70.8578,29.0864,42.75,70,75,17.27
378,Bara,NG,2022-09-20 21:36:46,10.3744,10.7288,74.34,87,33,3.38
379,Saint-Pierre,RE,2022-09-20 21:36:46,-21.3393,55.4781,69.48,83,40,10.36
380,Quatre Cocos,MU,2022-09-20 21:36:47,-20.2078,57.7625,71.1,82,66,18.1
381,Saint-Joseph,RE,2022-09-20 21:36:47,-21.3667,55.6167,68.38,84,35,13.82
382,Suhbaatar,MN,2022-09-20 21:33:41,50.2314,106.2078,45.88,79,100,4.36
383,Kindu,CD,2022-09-20 21:36:47,-2.95,25.95,69.19,93,54,1.43
384,Helong,CN,2022-09-20 21:36:48,42.5397,128.9972,40.26,69,0,5.39
385,Elat,IL,2022-09-20 21:36:48,29.5581,34.9482,82.24,44,0,6.91
386,Manitowoc,US,2022-09-20 21:36:48,44.0667,-87.8001,78.76,82,100,11.5
387,Klaksvik,FO,2022-09-20 21:36:49,62.2266,-6.589,52.72,94,93,10.29
388,Mackenzie,CA,2022-09-20 21:36:49,55.2999,-123.1698,61.02,44,0,11.5
389,Ambon,ID,2022-09-20 21:36:49,-3.6954,128.1814,77.14,16,20,3.44
390,Morganton,US,2022-09-20 21:36:50,35.7454,-81.6848,89.22,59,4,1.99
391,Faanui,PF,2022-09-20 21:36:50,-16.4833,-151.75,77.95,75,9,15.73
392,Kolondieba,ML,2022-09-20 21:36:50,11.0882,-6.8926,71.51,96,100,1.92
393,Huarmey,PE,2022-09-20 21:36:51,-10.0681,-78.1522,65.03,76,28,13.62
394,Vila Franca Do Campo,PT,2022-09-20 21:36:51,37.7167,-25.4333,76.19,81,78,2.28
395,Sinnamary,GF,2022-09-20 21:36:52,5.3833,-52.95,80.96,80,77,12.66
396,Cockburn Town,TC,2022-09-20 21:36:52,21.4612,-71.1419,80.82,89,100,40.6
397,Muroto,JP,2022-09-20 21:36:52,33.2833,134.15,68.94,67,7,16.44
398,Bauta,CU,2022-09-20 21:36:53,22.9828,-82.5464,85.89,70,40,10.36
399,Susehri,TR,2022-09-20 21:36:53,40.1644,38.0867,61.77,75,100,3.69
400,Camacupa,AO,2022-09-20 21:36:53,-12.0167,17.4833,68.79,55,8,3.53
401,Saldanha,ZA,2022-09-20 21:36:54,-33.0117,17.9442,53.65,87,0,9.04
402,Vao,NC,2022-09-20 21:36:54,-22.6667,167.4833,73.56,79,0,9.13
403,Swellendam,ZA,2022-09-20 21:36:54,-34.0226,20.4417,52.9,75,0,2.86
404,Divo,CI,2022-09-20 21:36:55,5.8397,-5.36,70.86,98,98,4.14
405,Aknada,RU,2022-09-20 21:36:55,42.4016,46.1723,53.29,69,0,6.46
406,Sitio Novo Do Tocantins,BR,2022-09-20 21:36:55,-5.5183,-47.4611,89.62,27,13,4.88
407,Tondano,ID,2022-09-20 21:36:56,1.3038,124.9112,66.29,86,88,1.16
408,Boda,CF,2022-09-20 21:36:56,4.3189,17.4695,69.75,96,95,2.51
409,Harper,LR,2022-09-20 21:36:56,4.375,-7.7169,75.97,88,87,9.84
410,Klyavlino,RU,2022-09-20 21:36:57,54.2649,52.0267,55.98,92,89,2.75
411,Fairbanks,US,2022-09-20 21:36:57,64.8378,-147.7164,47.08,83,75,3.44
412,Praya,CV,2022-09-20 21:36:57,14.9215,-23.5087,79.34,78,20,13.8
413,Cape Canaveral,US,2022-09-20 21:36:52,28.4058,-80.6048,86.07,76,20,9.22
414,Valley City,US,2022-09-20 21:36:58,46.9233,-98.0032,70.32,49,0,19.57
415,Nicoya,CR,2022-09-20 21:36:58,10.1483,-85.452,80.96,76,65,4.23
416,Tamandare,BR,2022-09-20 21:36:58,-8.7597,-35.1047,74.16,83,7,6.2
417,Chapais,CA,2022-09-20 21:36:59,49.7834,-74.8492,58.78,47,5,4.65
418,San Rafael,AR,2022-09-20 21:32:00,-34.6177,-68.3301,58.26,33,51,5.91
419,Kungurtug,RU,2022-09-20 21:36:59,50.5994,97.5228,39.13,92,90,4.47
420,Turbat,PK,2022-09-20 21:37:00,26.0023,63.044,78.89,77,7,4.88
421,Yenagoa,NG,2022-09-20 21:38:00,4.9247,6.2642,74.73,94,99,3.33
422,Magole,TZ,2022-09-20 21:38:00,-6.3667,37.3667,68.95,80,48,4.99
423,Brainerd,US,2022-09-20 21:38:01,46.358,-94.2008,84.45,51,40,5.75
424,Champua,IN,2022-09-20 21:38:01,22.0833,85.6667,73.71,96,79,3.53
425,Grand-Bourg,GP,2022-09-20 21:38:01,15.8835,-61.3148,84.4,79,82,18.7
426,Mitsamiouli,KM,2022-09-20 21:38:02,-11.3847,43.2844,74.68,81,26,9.26
427,Yerbogachen,RU,2022-09-20 21:38:02,61.2767,108.0108,40.28,98,100,3.89
428,Eureka,US,2022-09-20 21:38:03,40.8021,-124.1637,76.75,73,26,5.99
429,Port Hardy,CA,2022-09-20 21:37:28,50.6996,-127.4199,60.98,63,0,3.44
430,Daru,PG,2022-09-20 21:38:03,-9.0763,143.2092,80.06,86,94,15.37
431,Wanning,CN,2022-09-20 21:38:04,18.8003,110.3967,78.4,84,99,0.67
432,Vilsbiburg,DE,2022-09-20 21:38:04,48.45,12.35,45.09,95,47,3.13
433,Agirish,RU,2022-09-20 21:38:04,61.9247,63.0231,52.16,79,6,11.01
434,Bodden Town,KY,2022-09-20 21:38:05,19.2833,-81.25,88.99,75,40,8.05
435,Bubaque,GW,2022-09-20 21:38:05,11.2833,-15.8333,76.41,88,100,4.5
436,Cookeville,US,2022-09-20 21:37:27,36.1628,-85.5016,90.63,61,0,3.44
437,Ilabaya,PE,2022-09-20 21:38:06,-17.4208,-70.5133,64.99,53,4,5.95
438,Nepomuceno,BR,2022-09-20 21:38:06,-21.2358,-45.2358,73.27,51,100,2.13
439,Sumter,US,2022-09-20 21:38:07,28.7086,-82.0831,87.98,73,62,10.13
440,Rio Grande,BR,2022-09-20 21:38:07,-32.035,-52.0986,60.91,87,100,14.97
441,Shimoda,JP,2022-09-20 21:38:07,34.6667,138.95,63.1,85,100,15.61
442,Nexo,DK,2022-09-20 21:38:08,55.0607,15.1306,55.49,72,53,6.6
443,Teguise,ES,2022-09-20 21:38:08,29.0605,-13.564,70.02,83,20,6.91
444,Barra,BR,2022-09-20 21:38:09,-11.0894,-43.1417,83.52,43,70,3.51
445,Biak,ID,2022-09-20 21:38:09,-0.9131,122.8766,75.02,85,69,4.99
446,Wahiawa,US,2022-09-20 21:38:09,21.5028,-158.0236,84.52,62,75,10.36
447,Yeppoon,AU,2022-09-20 21:38:10,-23.1333,150.7333,69.58,83,7,10.27
448,Qaqortoq,GL,2022-09-20 21:38:10,60.7167,-46.0333,42.1,86,9,2.28
449,Tungor,RU,2022-09-20 21:38:10,53.3808,142.9564,42.39,65,54,18.52
450,Itaituba,BR,2022-09-20 21:38:11,-4.2761,-55.9836,95.16,49,20,3.44
451,Suntar,RU,2022-09-20 21:38:11,62.1444,117.6319,33.44,90,100,8.99
452,Broome,US,2022-09-20 21:38:12,42.2506,-75.833,71.02,74,100,11.5
453,Bousso,TD,2022-09-20 21:38:12,10.4795,16.7117,72.41,98,100,6.8
454,Boende,CD,2022-09-20 21:38:12,-0.2167,20.8667,73.85,86,100,0.38
455,Pajapan,MX,2022-09-20 21:38:13,18.25,-94.7,77.16,75,100,7.61
456,Porto Santo,PT,2022-09-20 21:38:13,33.072,-16.3415,73.78,83,20,6.91
457,Manokwari,ID,2022-09-20 21:38:14,-0.8667,134.0833,78.06,79,100,1.3
458,Mauchline,GB,2022-09-20 21:38:14,55.516,-4.3793,57.74,82,20,4.61
459,Lumphat,KH,2022-09-20 21:38:15,13.4878,106.9816,73.09,99,100,2.42
460,Okhotsk,RU,2022-09-20 21:38:15,59.3833,143.3,39.56,61,21,14.76
461,Rawson,AR,2022-09-20 21:38:15,-43.3002,-65.1023,46.89,94,100,17.96
462,Bantou,CN,2022-09-20 21:38:16,26.2151,117.4893,66.81,75,35,2.62
463,Huambo,AO,2022-09-20 21:38:16,-12.7761,15.7392,68.25,47,85,2.62
464,Henties Bay,NA,2022-09-20 21:38:17,-22.116,14.2845,55.44,73,0,1.86
465,Kamenka,RU,2022-09-20 21:38:17,51.3223,42.7678,53.17,59,98,7.25
466,Baturite,BR,2022-09-20 21:38:18,-4.3286,-38.8847,75.42,79,22,7.0
467,Forssa,FI,2022-09-20 21:38:18,60.8146,23.6215,42.98,87,85,5.37
468,Gigmoto,PH,2022-09-20 21:38:18,13.7796,124.39,77.76,88,100,5.93
469,Camacha,PT,2022-09-20 21:39:19,33.0833,-16.3333,71.02,83,20,6.91
470,Tuatapere,NZ,2022-09-20 21:39:19,-46.1333,167.6833,50.13,91,100,1.45
471,Flinders,AU,2022-09-20 21:39:20,-34.5833,150.8552,63.37,84,100,5.99
472,Dawei,MM,2022-09-20 21:34:21,14.0833,98.2,74.12,93,100,2.08
473,Buraydah,SA,2022-09-20 21:39:20,26.326,43.975,90.05,19,52,7.74
474,Kalmunai,LK,2022-09-20 21:39:21,7.4167,81.8167,79.21,77,10,3.74
475,Chihuahua,MX,2022-09-20 21:39:21,28.5,-106.0,77.83,43,48,9.17
476,Marsh Harbour,BS,2022-09-20 21:35:35,26.5412,-77.0636,84.47,71,1,13.0
477,Belaya Gora,RU,2022-09-20 21:39:22,68.5333,146.4167,31.98,99,100,13.76
478,Elizabeth City,US,2022-09-20 21:39:22,36.2946,-76.2511,89.62,60,20,9.22
479,Zabaykalsk,RU,2022-09-20 21:39:22,49.6333,117.3167,43.29,77,99,13.18
480,Tarakan,ID,2022-09-20 21:39:23,3.3,117.6333,74.7,94,40,9.22
481,Moreira Sales,BR,2022-09-20 21:39:24,-24.0622,-53.0069,70.43,85,96,3.78
482,Pedernales,DO,2022-09-20 21:39:24,18.0384,-71.744,83.59,74,100,5.3
483,Anadyr,RU,2022-09-20 21:39:24,64.75,177.4833,41.5,75,20,15.66
484,Wuxue,CN,2022-09-20 21:39:25,29.8506,115.5525,68.4,56,100,5.57
485,Kenitra,MA,2022-09-20 21:39:25,34.261,-6.5802,74.16,91,24,4.27
486,Bay Roberts,CA,2022-09-20 21:39:26,47.5999,-53.2648,52.66,77,60,1.01
487,Najran,SA,2022-09-20 21:37:27,17.4924,44.1277,81.25,36,90,4.03
488,Tambun,ID,2022-09-20 21:39:26,-6.2641,107.0712,80.49,84,100,3.94
489,Curuguaty,PY,2022-09-20 21:39:26,-24.4694,-55.6945,71.24,80,94,0.69
490,Sitka,US,2022-09-20 21:39:27,57.0531,-135.33,58.89,77,75,4.61
491,Sloboda,RU,2022-09-20 21:39:27,51.1421,40.3021,52.92,62,98,8.39
492,Gayny,RU,2022-09-20 21:39:28,60.3071,54.3241,51.28,76,2,11.59
493,Rovenki,UA,2022-09-20 21:39:28,48.0833,39.3776,58.57,71,80,5.93
494,Inuvik,CA,2022-09-20 21:39:28,68.3499,-133.7218,49.21,90,100,4.61
495,Aksu,CN,2022-09-20 21:39:29,41.1231,80.2644,68.54,38,29,3.29
496,Athabasca,CA,2022-09-20 21:35:59,54.7169,-113.2854,59.41,33,5,6.91
497,Williamsport,US,2022-09-20 21:36:00,41.2412,-77.0011,78.53,59,40,8.05
498,Kruisfontein,ZA,2022-09-20 21:39:29,-34.0033,24.7314,51.89,84,0,4.97
499,Kula,TR,2022-09-20 21:39:30,38.5473,28.6498,56.07,70,0,3.4
500,Plettenberg Bay,ZA,2022-09-20 21:39:30,-34.0527,23.3716,55.92,73,0,5.88
501,Darnah,LY,2022-09-20 21:39:30,32.767,22.6367,75.88,68,9,3.0
502,Shache,CN,2022-09-20 21:39:31,38.4167,77.2406,66.63,33,7,2.75
503,Caravelas,BR,2022-09-20 21:39:31,-17.7125,-39.2481,72.1,79,12,9.91
504,Tchibanga,GA,2022-09-20 21:39:32,-2.85,11.0333,72.82,87,100,3.33
505,Sohag,EG,2022-09-20 21:39:32,26.557,31.6948,79.29,32,0,6.35
506,Benjamin Hill,MX,2022-09-20 21:39:32,30.1667,-111.1,89.11,42,61,2.37
507,Melo,UY,2022-09-20 21:39:32,-32.3667,-54.1833,59.32,80,100,9.42
508,Masuguru,TZ,2022-09-20 21:39:33,-11.3667,38.4167,72.57,71,6,7.09
509,Bairiki,KI,2022-09-20 21:39:33,1.3292,172.9752,75.2,88,100,6.91
510,Butte,US,2022-09-20 21:37:47,39.6499,-121.5677,73.42,55,20,3.44
511,Tilichiki,RU,2022-09-20 21:39:34,60.4667,166.1,48.96,94,100,14.65
512,Bacolod,PH,2022-09-20 21:35:59,10.6667,122.95,78.21,89,100,5.44
513,Almaznyy,RU,2022-09-20 21:39:34,48.0448,40.045,58.53,63,100,5.37
514,Isangel,VU,2022-09-20 21:37:47,-19.55,169.2667,78.91,89,75,2.3
515,Mata,PT,2022-09-20 21:39:35,40.683,-7.4592,64.92,81,5,1.83
516,Khani,GE,2022-09-20 21:40:35,41.9563,42.9566,62.17,99,86,2.95
517,Coihueco,CL,2022-09-20 21:40:35,-36.6167,-71.8333,47.14,71,75,5.75
518,Beeskow,DE,2022-09-20 21:40:36,52.1667,14.25,46.35,91,11,5.01
519,Nouakchott,MR,2022-09-20 21:40:36,18.0858,-15.9785,82.33,75,93,9.53
520,Tortoli,IT,2022-09-20 21:37:28,39.9256,9.6572,71.42,78,0,12.66
521,Kyren,RU,2022-09-20 21:40:37,51.6828,102.1408,42.22,94,94,1.03
522,Shuyskoye,RU,2022-09-20 21:40:37,59.3736,41.0305,48.72,96,100,8.9
523,Ndjole,GA,2022-09-20 21:40:37,-0.1783,10.7649,74.48,95,59,2.55
524,Xai-Xai,MZ,2022-09-20 21:40:38,-25.0519,33.6442,66.79,96,100,15.77
525,Ganzhou,CN,2022-09-20 21:40:38,28.8184,115.4327,66.78,62,93,6.29
526,Beloha,MG,2022-09-20 21:40:39,-25.1667,45.05,70.39,64,0,6.49
527,Matara,LK,2022-09-20 21:40:39,5.9485,80.5353,77.11,89,20,9.04
528,Cabedelo,BR,2022-09-20 21:40:39,-6.9811,-34.8339,77.67,77,34,11.34
529,Bintulu,MY,2022-09-20 21:40:40,3.1667,113.0333,75.61,94,40,5.01
530,Nyrob,RU,2022-09-20 21:40:40,60.733,56.7202,50.86,80,10,10.85
531,Chara,RU,2022-09-20 21:40:41,56.9064,118.2631,35.47,84,100,1.63
532,Viedma,AR,2022-09-20 21:40:41,-40.8135,-62.9967,50.36,45,2,6.22
533,Manaus,BR,2022-09-20 21:40:42,-3.1019,-60.025,93.7,49,40,6.91
534,Lakes Entrance,AU,2022-09-20 21:37:50,-37.8811,147.981,51.17,59,100,2.06
535,Kankaanpaa,FI,2022-09-20 21:40:42,61.8,22.4167,43.56,77,100,4.85
536,Merauke,ID,2022-09-20 21:40:43,-8.4667,140.3333,79.81,83,99,13.11
537,Jingdezhen,CN,2022-09-20 21:40:43,29.2947,117.2079,64.22,76,95,4.61
538,Tamiahua,MX,2022-09-20 21:40:43,21.2667,-97.45,84.0,67,20,8.7
539,Manggar,ID,2022-09-20 21:40:44,-2.8833,108.2667,79.75,77,100,6.51
540,Palmer,US,2022-09-20 21:40:44,42.1584,-72.3287,71.92,78,75,5.75
541,George Town,MY,2022-09-20 21:36:26,5.4112,100.3354,78.73,94,20,2.3
542,Pumiao,CN,2022-09-20 21:40:45,22.75,108.4833,75.6,91,30,0.67
543,Lilongwe,MW,2022-09-20 21:40:45,-13.9669,33.7873,70.32,42,2,4.68
544,Botshabelo,ZA,2022-09-20 21:40:45,-29.2702,26.7052,47.57,85,5,4.18
545,Abaete,BR,2022-09-20 21:40:46,-19.16,-45.4458,77.27,58,82,3.2
546,Halifax,CA,2022-09-20 21:40:46,44.6453,-63.5724,59.22,94,100,21.85
547,Kaitangata,NZ,2022-09-20 21:40:46,-46.2817,169.8464,50.05,91,64,2.75
548,Dubbo,AU,2022-09-20 21:40:47,-32.25,148.6167,55.53,82,100,10.36
549,Mashivka,UA,2022-09-20 21:40:47,49.4431,34.8669,49.17,93,100,5.23
550,Naze,JP,2022-09-20 21:40:48,28.3667,129.4833,70.72,70,2,8.93
551,Hollins,US,2022-09-20 21:40:48,37.3413,-79.9431,88.18,46,20,5.75
552,Sao Filipe,CV,2022-09-20 21:40:48,14.8961,-24.4956,79.16,76,25,8.12
553,Oksfjord,NO,2022-09-20 21:40:49,70.2396,22.3479,44.78,83,80,6.98
554,Neijiang,CN,2022-09-20 21:40:49,29.5835,105.0622,65.48,93,100,4.07
555,Liverpool,GB,2022-09-20 21:36:27,53.4106,-2.9779,60.75,81,75,4.61
556,Barcelona,ES,2022-09-20 21:37:25,41.3888,2.159,72.32,80,20,5.75
557,Bonavista,CA,2022-09-20 21:40:50,48.6499,-53.1147,50.99,68,0,8.41
558,Bowen,AU,2022-09-20 21:40:50,-20.0167,148.2333,76.28,73,100,11.59
559,Tooele,US,2022-09-20 21:40:50,40.5308,-112.2983,88.45,19,0,23.02
